﻿<?xml version="1.0"?>
<doc>
<assembly>
<name>
Barcodestudio
</name>
</assembly>
<members>
<member name="T:Barcodestudio.DSBarcode.DataTable_BarcodeDataTable">
	<summary>
Represents the strongly named DataTable class.
</summary>
</member><member name="T:Barcodestudio.DSBarcode.DataTable_BarcodeRow">
	<summary>
Represents strongly named DataRow class.
</summary>
</member><member name="T:Barcodestudio.DSBarcode.DataTable_BarcodeRowChangeEvent">
	<summary>
Row event argument class
</summary>
</member><member name="T:Barcodestudio.DSBarcode">
	<summary>
Represents a strongly typed in-memory cache of data.
</summary>
</member><member name="P:Barcodestudio.My.Resources.Resources.ResourceManager">
	<summary>
  Returns the cached ResourceManager instance used by this class.
</summary>
</member><member name="P:Barcodestudio.My.Resources.Resources.Culture">
	<summary>
  Overrides the current thread's CurrentUICulture property for all
  resource lookups using this strongly typed resource class.
</summary>
</member><member name="T:Barcodestudio.My.Resources.Resources">
	<summary>
  A strongly-typed resource class, for looking up localized strings, etc.
</summary>
</member>
</members>
</doc>